label_name,ECG_mean,ECG_std,EDA_mean,EDA_std,Resp_mean,Resp_std,Temp_mean,Temp_std
Amusement,0.0011221021330342126,0.24510379901011234,4.436969061449731,0.02380912567145673,0.059364081104483886,3.050971000336036,34.08884986692392,0.029931579791097895
Neutral / Baseline,0.0011433805676786344,0.2502853361129738,3.898278651340198,0.019583708794440276,0.05762616962137874,2.627849916015455,33.45281652217625,0.03532996027263634
Stress,0.0010192951280243543,0.29497987881602605,5.922472558674535,0.0775962841538229,0.04910273231792929,4.407246423553096,34.16301482866587,0.09683852880595027
