model,type,accuracy,macro_f1
Gradient Boosting,Classical ML,0.7066974595842956,0.5774750672990856
1D CNN,Deep Learning,0.3787528868360277,0.35842947746005743
